channel,video_id,title,published,thumbnail_url,watch_url,pulled_at
Day One Films,pirPtQL1S88,Motivation Will Fail You.,2026-10-05T15:00:43+00:00,https://i1.ytimg.com/vi/pirPtQL1S88/hqdefault.jpg,https://www.youtube.com/watch?v=pirPtQL1S88,2026-10-06T11:08:18.982437+00:00
Day One Films,f74QXnN2as4,ONE LAST TIME | An Animated Short Film,2026-10-04T07:26:25+00:00,https://i3.ytimg.com/vi/f74QXnN2as4/hqdefault.jpg,https://www.youtube.com/watch?v=f74QXnN2as4,2026-10-06T11:08:18.982493+00:00
Day One Films,3KZzh8hFTC4,ROOTS | An Animated Short Film,2026-10-02T13:49:22+00:00,https://i4.ytimg.com/vi/3KZzh8hFTC4/hqdefault.jpg,https://www.youtube.com/watch?v=3KZzh8hFTC4,2026-10-06T11:08:18.982532+00:00
Day One Films,1VdOPZZ-ZTI,READY | An Animated Short Film,2026-10-01T11:27:19+00:00,https://i2.ytimg.com/vi/1VdOPZZ-ZTI/hqdefault.jpg,https://www.youtube.com/watch?v=1VdOPZZ-ZTI,2026-10-06T11:08:18.982558+00:00
Day One Films,iOSajvozN78,DOPAMINE | An Animated Short Film,2026-09-30T17:21:10+00:00,https://i2.ytimg.com/vi/iOSajvozN78/hqdefault.jpg,https://www.youtube.com/watch?v=iOSajvozN78,2026-10-06T11:08:18.982614+00:00
Day One Films,_7aN_1TUOfs,How One Old Book Fixed His Life,2026-09-28T15:11:12+00:00,https://i4.ytimg.com/vi/_7aN_1TUOfs/hqdefault.jpg,https://www.youtube.com/watch?v=_7aN_1TUOfs,2026-10-06T11:08:18.982641+00:00
Day One Films,8atK0pF4oJY,DISCIPLINE | An Animated Short Film,2026-09-27T22:44:54+00:00,https://i1.ytimg.com/vi/8atK0pF4oJY/hqdefault.jpg,https://www.youtube.com/watch?v=8atK0pF4oJY,2026-10-06T11:08:18.982667+00:00
Ink Explainer,j5PV676RN_U,What Did Ancient Humans Actually Do all Night?,2026-10-04T20:30:36+00:00,https://i3.ytimg.com/vi/j5PV676RN_U/hqdefault.jpg,https://www.youtube.com/watch?v=j5PV676RN_U,2026-10-06T11:08:19.850806+00:00
Ink Explainer,19Fi4_5ptrc,How Did Ancient Humans Survive the Deadliest Predators on Earth?,2026-09-27T19:00:03+00:00,https://i2.ytimg.com/vi/19Fi4_5ptrc/hqdefault.jpg,https://www.youtube.com/watch?v=19Fi4_5ptrc,2026-10-06T11:08:19.850831+00:00
Ink Explainer,1xuponqgLoM,What Did Ancient Humans Do For Pleasure?,2026-09-04T20:07:50+00:00,https://i2.ytimg.com/vi/1xuponqgLoM/hqdefault.jpg,https://www.youtube.com/watch?v=1xuponqgLoM,2026-10-06T11:08:19.850843+00:00
Ink Explainer,49_Ph2q6uIM,What Did Ancient Humans Actually Do All Day?,2026-08-21T19:30:01+00:00,https://i1.ytimg.com/vi/49_Ph2q6uIM/hqdefault.jpg,https://www.youtube.com/watch?v=49_Ph2q6uIM,2026-10-06T11:08:19.850855+00:00
Ink Explainer,xmQk_oLVau0,Why Ancient Humans Were The Most TERRIFYING Animal Alive,2026-08-07T20:00:06+00:00,https://i1.ytimg.com/vi/xmQk_oLVau0/hqdefault.jpg,https://www.youtube.com/watch?v=xmQk_oLVau0,2026-10-06T11:08:19.850872+00:00
Ink Explainer,0WtFuiHn2-g,How Did Human Accidentally Invented Guns?,2026-07-25T18:00:08+00:00,https://i1.ytimg.com/vi/0WtFuiHn2-g/hqdefault.jpg,https://www.youtube.com/watch?v=0WtFuiHn2-g,2026-10-06T11:08:19.850883+00:00
Ink Explainer,dp3jYZXKOos,The Disturbing Ways Ancient Humans Survived Winter,2026-07-16T20:00:04+00:00,https://i1.ytimg.com/vi/dp3jYZXKOos/hqdefault.jpg,https://www.youtube.com/watch?v=dp3jYZXKOos,2026-10-06T11:08:19.850894+00:00
Ink Explainer,SD7XyG2wd1k,What Did Ancient Humans Do When It Rained All Week?,2026-07-03T20:00:16+00:00,https://i4.ytimg.com/vi/SD7XyG2wd1k/hqdefault.jpg,https://www.youtube.com/watch?v=SD7XyG2wd1k,2026-10-06T11:08:19.850905+00:00
Ink Explainer,QP1maS6hYn4,How Did Ancient Humans Travel the World?,2026-06-23T19:00:30+00:00,https://i2.ytimg.com/vi/QP1maS6hYn4/hqdefault.jpg,https://www.youtube.com/watch?v=QP1maS6hYn4,2026-10-06T11:08:19.850916+00:00
Ink Explainer,OCr6NteWSQ8,Why Are We the Only Human Species Left? What happened to others...,2026-06-14T20:15:16+00:00,https://i4.ytimg.com/vi/OCr6NteWSQ8/hqdefault.jpg,https://www.youtube.com/watch?v=OCr6NteWSQ8,2026-10-06T11:08:19.850927+00:00
Ink Explainer,vQ6M4MIOI0U,When Did Ancient Humans Start Smoking Weed?,2026-06-05T01:30:34+00:00,https://i3.ytimg.com/vi/vQ6M4MIOI0U/hqdefault.jpg,https://www.youtube.com/watch?v=vQ6M4MIOI0U,2026-10-06T11:08:19.850938+00:00
Ink Explainer,LIwUH_R6oJY,Do Animals Know When Another Animal is a Baby?,2026-05-26T19:00:16+00:00,https://i1.ytimg.com/vi/LIwUH_R6oJY/hqdefault.jpg,https://www.youtube.com/watch?v=LIwUH_R6oJY,2026-10-06T11:08:19.850949+00:00
Ink Explainer,9AFO6MHy8y4,When Did Ancient Humans Start Drinking Alcohol?,2026-05-16T18:00:05+00:00,https://i2.ytimg.com/vi/9AFO6MHy8y4/hqdefault.jpg,https://www.youtube.com/watch?v=9AFO6MHy8y4,2026-10-06T11:08:19.850960+00:00
Ink Explainer,rpoVSR-9qNI,Why Life Speeds Up As You Get Older?,2026-05-11T18:15:10+00:00,https://i3.ytimg.com/vi/rpoVSR-9qNI/hqdefault.jpg,https://www.youtube.com/watch?v=rpoVSR-9qNI,2026-10-06T11:08:19.850971+00:00
Ink Explainer,6TzPQ0046lw,What did Early Humans do when they got Sick,2026-05-07T23:00:08+00:00,https://i3.ytimg.com/vi/6TzPQ0046lw/hqdefault.jpg,https://www.youtube.com/watch?v=6TzPQ0046lw,2026-10-06T11:08:19.850982+00:00
