Date,Content,Video title,Video publish time,Duration,Engaged views
2026-09-06,4jsaNsml4XE,The Dark Psychology of Silence (Why Not Reacting Wins) #shorts #mindset,"Sep 21, 2026",61,0
2026-09-07,4jsaNsml4XE,The Dark Psychology of Silence (Why Not Reacting Wins) #shorts #mindset,"Sep 21, 2026",61,0
2026-09-08,4jsaNsml4XE,The Dark Psychology of Silence (Why Not Reacting Wins) #shorts #mindset,"Sep 21, 2026",61,0
2026-09-09,4jsaNsml4XE,The Dark Psychology of Silence (Why Not Reacting Wins) #shorts #mindset,"Sep 21, 2026",61,0
2026-09-10,4jsaNsml4XE,The Dark Psychology of Silence (Why Not Reacting Wins) #shorts #mindset,"Sep 21, 2026",61,0
2026-09-11,4jsaNsml4XE,The Dark Psychology of Silence (Why Not Reacting Wins) #shorts #mindset,"Sep 21, 2026",61,0
2026-09-12,4jsaNsml4XE,The Dark Psychology of Silence (Why Not Reacting Wins) #shorts #mindset,"Sep 21, 2026",61,0
2026-09-13,4jsaNsml4XE,The Dark Psychology of Silence (Why Not Reacting Wins) #shorts #mindset,"Sep 21, 2026",61,0
2026-09-14,4jsaNsml4XE,The Dark Psychology of Silence (Why Not Reacting Wins) #shorts #mindset,"Sep 21, 2026",61,0
2026-09-15,4jsaNsml4XE,The Dark Psychology of Silence (Why Not Reacting Wins) #shorts #mindset,"Sep 21, 2026",61,0
2026-09-16,4jsaNsml4XE,The Dark Psychology of Silence (Why Not Reacting Wins) #shorts #mindset,"Sep 21, 2026",61,0
2026-09-17,4jsaNsml4XE,The Dark Psychology of Silence (Why Not Reacting Wins) #shorts #mindset,"Sep 21, 2026",61,0
2026-09-18,4jsaNsml4XE,The Dark Psychology of Silence (Why Not Reacting Wins) #shorts #mindset,"Sep 21, 2026",61,0
2026-09-19,4jsaNsml4XE,The Dark Psychology of Silence (Why Not Reacting Wins) #shorts #mindset,"Sep 21, 2026",61,0
2026-09-20,4jsaNsml4XE,The Dark Psychology of Silence (Why Not Reacting Wins) #shorts #mindset,"Sep 21, 2026",61,20
2026-09-21,4jsaNsml4XE,The Dark Psychology of Silence (Why Not Reacting Wins) #shorts #mindset,"Sep 21, 2026",61,182
2026-09-22,4jsaNsml4XE,The Dark Psychology of Silence (Why Not Reacting Wins) #shorts #mindset,"Sep 21, 2026",61,17
2026-09-23,4jsaNsml4XE,The Dark Psychology of Silence (Why Not Reacting Wins) #shorts #mindset,"Sep 21, 2026",61,4
2026-09-24,4jsaNsml4XE,The Dark Psychology of Silence (Why Not Reacting Wins) #shorts #mindset,"Sep 21, 2026",61,5
2026-09-25,4jsaNsml4XE,The Dark Psychology of Silence (Why Not Reacting Wins) #shorts #mindset,"Sep 21, 2026",61,1
2026-09-26,4jsaNsml4XE,The Dark Psychology of Silence (Why Not Reacting Wins) #shorts #mindset,"Sep 21, 2026",61,4
2026-09-27,4jsaNsml4XE,The Dark Psychology of Silence (Why Not Reacting Wins) #shorts #mindset,"Sep 21, 2026",61,0
2026-09-28,4jsaNsml4XE,The Dark Psychology of Silence (Why Not Reacting Wins) #shorts #mindset,"Sep 21, 2026",61,1
2026-09-29,4jsaNsml4XE,The Dark Psychology of Silence (Why Not Reacting Wins) #shorts #mindset,"Sep 21, 2026",61,0
2026-09-30,4jsaNsml4XE,The Dark Psychology of Silence (Why Not Reacting Wins) #shorts #mindset,"Sep 21, 2026",61,0
2026-10-01,4jsaNsml4XE,The Dark Psychology of Silence (Why Not Reacting Wins) #shorts #mindset,"Sep 21, 2026",61,3
2026-10-02,4jsaNsml4XE,The Dark Psychology of Silence (Why Not Reacting Wins) #shorts #mindset,"Sep 21, 2026",61,0
2026-10-03,4jsaNsml4XE,The Dark Psychology of Silence (Why Not Reacting Wins) #shorts #mindset,"Sep 21, 2026",61,1
2026-09-06,KnUqposfQu0,The 5-Second Rule That Destroys Laziness Instantly ⚡ #shorts,"Sep 20, 2026",61,0
2026-09-07,KnUqposfQu0,The 5-Second Rule That Destroys Laziness Instantly ⚡ #shorts,"Sep 20, 2026",61,0
2026-09-08,KnUqposfQu0,The 5-Second Rule That Destroys Laziness Instantly ⚡ #shorts,"Sep 20, 2026",61,0
2026-09-09,KnUqposfQu0,The 5-Second Rule That Destroys Laziness Instantly ⚡ #shorts,"Sep 20, 2026",61,0
2026-09-10,KnUqposfQu0,The 5-Second Rule That Destroys Laziness Instantly ⚡ #shorts,"Sep 20, 2026",61,0
2026-09-11,KnUqposfQu0,The 5-Second Rule That Destroys Laziness Instantly ⚡ #shorts,"Sep 20, 2026",61,0
2026-09-12,KnUqposfQu0,The 5-Second Rule That Destroys Laziness Instantly ⚡ #shorts,"Sep 20, 2026",61,0
2026-09-13,KnUqposfQu0,The 5-Second Rule That Destroys Laziness Instantly ⚡ #shorts,"Sep 20, 2026",61,0
2026-09-14,KnUqposfQu0,The 5-Second Rule That Destroys Laziness Instantly ⚡ #shorts,"Sep 20, 2026",61,0
2026-09-15,KnUqposfQu0,The 5-Second Rule That Destroys Laziness Instantly ⚡ #shorts,"Sep 20, 2026",61,0
2026-09-16,KnUqposfQu0,The 5-Second Rule That Destroys Laziness Instantly ⚡ #shorts,"Sep 20, 2026",61,0
2026-09-17,KnUqposfQu0,The 5-Second Rule That Destroys Laziness Instantly ⚡ #shorts,"Sep 20, 2026",61,0
2026-09-18,KnUqposfQu0,The 5-Second Rule That Destroys Laziness Instantly ⚡ #shorts,"Sep 20, 2026",61,0
2026-09-19,KnUqposfQu0,The 5-Second Rule That Destroys Laziness Instantly ⚡ #shorts,"Sep 20, 2026",61,0
2026-09-20,KnUqposfQu0,The 5-Second Rule That Destroys Laziness Instantly ⚡ #shorts,"Sep 20, 2026",61,144
2026-09-21,KnUqposfQu0,The 5-Second Rule That Destroys Laziness Instantly ⚡ #shorts,"Sep 20, 2026",61,62
2026-09-22,KnUqposfQu0,The 5-Second Rule That Destroys Laziness Instantly ⚡ #shorts,"Sep 20, 2026",61,5
2026-09-23,KnUqposfQu0,The 5-Second Rule That Destroys Laziness Instantly ⚡ #shorts,"Sep 20, 2026",61,0
2026-09-24,KnUqposfQu0,The 5-Second Rule That Destroys Laziness Instantly ⚡ #shorts,"Sep 20, 2026",61,1
2026-09-25,KnUqposfQu0,The 5-Second Rule That Destroys Laziness Instantly ⚡ #shorts,"Sep 20, 2026",61,0
2026-09-26,KnUqposfQu0,The 5-Second Rule That Destroys Laziness Instantly ⚡ #shorts,"Sep 20, 2026",61,0
2026-09-27,KnUqposfQu0,The 5-Second Rule That Destroys Laziness Instantly ⚡ #shorts,"Sep 20, 2026",61,0
2026-09-28,KnUqposfQu0,The 5-Second Rule That Destroys Laziness Instantly ⚡ #shorts,"Sep 20, 2026",61,2
2026-09-29,KnUqposfQu0,The 5-Second Rule That Destroys Laziness Instantly ⚡ #shorts,"Sep 20, 2026",61,0
2026-09-30,KnUqposfQu0,The 5-Second Rule That Destroys Laziness Instantly ⚡ #shorts,"Sep 20, 2026",61,0
2026-10-01,KnUqposfQu0,The 5-Second Rule That Destroys Laziness Instantly ⚡ #shorts,"Sep 20, 2026",61,0
2026-10-02,KnUqposfQu0,The 5-Second Rule That Destroys Laziness Instantly ⚡ #shorts,"Sep 20, 2026",61,0
2026-10-03,KnUqposfQu0,The 5-Second Rule That Destroys Laziness Instantly ⚡ #shorts,"Sep 20, 2026",61,1
2026-09-06,b2pAMXgd70o,The Spotlight Effect: Why Nobody Is Actually Watching You 👀 #shorts,"Sep 20, 2026",61,0
2026-09-07,b2pAMXgd70o,The Spotlight Effect: Why Nobody Is Actually Watching You 👀 #shorts,"Sep 20, 2026",61,0
2026-09-08,b2pAMXgd70o,The Spotlight Effect: Why Nobody Is Actually Watching You 👀 #shorts,"Sep 20, 2026",61,0
2026-09-09,b2pAMXgd70o,The Spotlight Effect: Why Nobody Is Actually Watching You 👀 #shorts,"Sep 20, 2026",61,0
2026-09-10,b2pAMXgd70o,The Spotlight Effect: Why Nobody Is Actually Watching You 👀 #shorts,"Sep 20, 2026",61,0
2026-09-11,b2pAMXgd70o,The Spotlight Effect: Why Nobody Is Actually Watching You 👀 #shorts,"Sep 20, 2026",61,0
2026-09-12,b2pAMXgd70o,The Spotlight Effect: Why Nobody Is Actually Watching You 👀 #shorts,"Sep 20, 2026",61,0
2026-09-13,b2pAMXgd70o,The Spotlight Effect: Why Nobody Is Actually Watching You 👀 #shorts,"Sep 20, 2026",61,0
2026-09-14,b2pAMXgd70o,The Spotlight Effect: Why Nobody Is Actually Watching You 👀 #shorts,"Sep 20, 2026",61,0
2026-09-15,b2pAMXgd70o,The Spotlight Effect: Why Nobody Is Actually Watching You 👀 #shorts,"Sep 20, 2026",61,0
2026-09-16,b2pAMXgd70o,The Spotlight Effect: Why Nobody Is Actually Watching You 👀 #shorts,"Sep 20, 2026",61,0
2026-09-17,b2pAMXgd70o,The Spotlight Effect: Why Nobody Is Actually Watching You 👀 #shorts,"Sep 20, 2026",61,0
2026-09-18,b2pAMXgd70o,The Spotlight Effect: Why Nobody Is Actually Watching You 👀 #shorts,"Sep 20, 2026",61,0
2026-09-19,b2pAMXgd70o,The Spotlight Effect: Why Nobody Is Actually Watching You 👀 #shorts,"Sep 20, 2026",61,0
2026-09-20,b2pAMXgd70o,The Spotlight Effect: Why Nobody Is Actually Watching You 👀 #shorts,"Sep 20, 2026",61,194
2026-09-21,b2pAMXgd70o,The Spotlight Effect: Why Nobody Is Actually Watching You 👀 #shorts,"Sep 20, 2026",61,50
2026-09-22,b2pAMXgd70o,The Spotlight Effect: Why Nobody Is Actually Watching You 👀 #shorts,"Sep 20, 2026",61,1
2026-09-23,b2pAMXgd70o,The Spotlight Effect: Why Nobody Is Actually Watching You 👀 #shorts,"Sep 20, 2026",61,1
2026-09-24,b2pAMXgd70o,The Spotlight Effect: Why Nobody Is Actually Watching You 👀 #shorts,"Sep 20, 2026",61,0
2026-09-25,b2pAMXgd70o,The Spotlight Effect: Why Nobody Is Actually Watching You 👀 #shorts,"Sep 20, 2026",61,1
2026-09-26,b2pAMXgd70o,The Spotlight Effect: Why Nobody Is Actually Watching You 👀 #shorts,"Sep 20, 2026",61,2
2026-09-27,b2pAMXgd70o,The Spotlight Effect: Why Nobody Is Actually Watching You 👀 #shorts,"Sep 20, 2026",61,0
2026-09-28,b2pAMXgd70o,The Spotlight Effect: Why Nobody Is Actually Watching You 👀 #shorts,"Sep 20, 2026",61,0
2026-09-29,b2pAMXgd70o,The Spotlight Effect: Why Nobody Is Actually Watching You 👀 #shorts,"Sep 20, 2026",61,0
2026-09-30,b2pAMXgd70o,The Spotlight Effect: Why Nobody Is Actually Watching You 👀 #shorts,"Sep 20, 2026",61,0
2026-10-01,b2pAMXgd70o,The Spotlight Effect: Why Nobody Is Actually Watching You 👀 #shorts,"Sep 20, 2026",61,0
2026-10-02,b2pAMXgd70o,The Spotlight Effect: Why Nobody Is Actually Watching You 👀 #shorts,"Sep 20, 2026",61,0
2026-10-03,b2pAMXgd70o,The Spotlight Effect: Why Nobody Is Actually Watching You 👀 #shorts,"Sep 20, 2026",61,1
2026-09-06,nSf_oX_l-0g,The Hallway Rule: Why Free Attention Destroys Attraction #shorts,"Sep 27, 2026",49,0
2026-09-07,nSf_oX_l-0g,The Hallway Rule: Why Free Attention Destroys Attraction #shorts,"Sep 27, 2026",49,0
2026-09-08,nSf_oX_l-0g,The Hallway Rule: Why Free Attention Destroys Attraction #shorts,"Sep 27, 2026",49,0
2026-09-09,nSf_oX_l-0g,The Hallway Rule: Why Free Attention Destroys Attraction #shorts,"Sep 27, 2026",49,0
2026-09-10,nSf_oX_l-0g,The Hallway Rule: Why Free Attention Destroys Attraction #shorts,"Sep 27, 2026",49,0
2026-09-11,nSf_oX_l-0g,The Hallway Rule: Why Free Attention Destroys Attraction #shorts,"Sep 27, 2026",49,0
2026-09-12,nSf_oX_l-0g,The Hallway Rule: Why Free Attention Destroys Attraction #shorts,"Sep 27, 2026",49,0
2026-09-13,nSf_oX_l-0g,The Hallway Rule: Why Free Attention Destroys Attraction #shorts,"Sep 27, 2026",49,0
2026-09-14,nSf_oX_l-0g,The Hallway Rule: Why Free Attention Destroys Attraction #shorts,"Sep 27, 2026",49,0
2026-09-15,nSf_oX_l-0g,The Hallway Rule: Why Free Attention Destroys Attraction #shorts,"Sep 27, 2026",49,0
2026-09-16,nSf_oX_l-0g,The Hallway Rule: Why Free Attention Destroys Attraction #shorts,"Sep 27, 2026",49,0
2026-09-17,nSf_oX_l-0g,The Hallway Rule: Why Free Attention Destroys Attraction #shorts,"Sep 27, 2026",49,0
2026-09-18,nSf_oX_l-0g,The Hallway Rule: Why Free Attention Destroys Attraction #shorts,"Sep 27, 2026",49,0
2026-09-19,nSf_oX_l-0g,The Hallway Rule: Why Free Attention Destroys Attraction #shorts,"Sep 27, 2026",49,0
2026-09-20,nSf_oX_l-0g,The Hallway Rule: Why Free Attention Destroys Attraction #shorts,"Sep 27, 2026",49,0
2026-09-21,nSf_oX_l-0g,The Hallway Rule: Why Free Attention Destroys Attraction #shorts,"Sep 27, 2026",49,0
2026-09-22,nSf_oX_l-0g,The Hallway Rule: Why Free Attention Destroys Attraction #shorts,"Sep 27, 2026",49,0
2026-09-23,nSf_oX_l-0g,The Hallway Rule: Why Free Attention Destroys Attraction #shorts,"Sep 27, 2026",49,0
2026-09-24,nSf_oX_l-0g,The Hallway Rule: Why Free Attention Destroys Attraction #shorts,"Sep 27, 2026",49,0
2026-09-25,nSf_oX_l-0g,The Hallway Rule: Why Free Attention Destroys Attraction #shorts,"Sep 27, 2026",49,0
2026-09-26,nSf_oX_l-0g,The Hallway Rule: Why Free Attention Destroys Attraction #shorts,"Sep 27, 2026",49,0
2026-09-27,nSf_oX_l-0g,The Hallway Rule: Why Free Attention Destroys Attraction #shorts,"Sep 27, 2026",49,660
2026-09-28,nSf_oX_l-0g,The Hallway Rule: Why Free Attention Destroys Attraction #shorts,"Sep 27, 2026",49,41
2026-09-29,nSf_oX_l-0g,The Hallway Rule: Why Free Attention Destroys Attraction #shorts,"Sep 27, 2026",49,22
2026-09-30,nSf_oX_l-0g,The Hallway Rule: Why Free Attention Destroys Attraction #shorts,"Sep 27, 2026",49,7
2026-10-01,nSf_oX_l-0g,The Hallway Rule: Why Free Attention Destroys Attraction #shorts,"Sep 27, 2026",49,3
2026-10-02,nSf_oX_l-0g,The Hallway Rule: Why Free Attention Destroys Attraction #shorts,"Sep 27, 2026",49,0
2026-10-03,nSf_oX_l-0g,The Hallway Rule: Why Free Attention Destroys Attraction #shorts,"Sep 27, 2026",49,1
2026-09-06,tllhG-4gRYg,Why Girls Like The Silent Boy #shorts,"Sep 29, 2026",72,0
2026-09-07,tllhG-4gRYg,Why Girls Like The Silent Boy #shorts,"Sep 29, 2026",72,0
2026-09-08,tllhG-4gRYg,Why Girls Like The Silent Boy #shorts,"Sep 29, 2026",72,0
2026-09-09,tllhG-4gRYg,Why Girls Like The Silent Boy #shorts,"Sep 29, 2026",72,0
2026-09-10,tllhG-4gRYg,Why Girls Like The Silent Boy #shorts,"Sep 29, 2026",72,0
2026-09-11,tllhG-4gRYg,Why Girls Like The Silent Boy #shorts,"Sep 29, 2026",72,0
2026-09-12,tllhG-4gRYg,Why Girls Like The Silent Boy #shorts,"Sep 29, 2026",72,0
2026-09-13,tllhG-4gRYg,Why Girls Like The Silent Boy #shorts,"Sep 29, 2026",72,0
2026-09-14,tllhG-4gRYg,Why Girls Like The Silent Boy #shorts,"Sep 29, 2026",72,0
2026-09-15,tllhG-4gRYg,Why Girls Like The Silent Boy #shorts,"Sep 29, 2026",72,0
2026-09-16,tllhG-4gRYg,Why Girls Like The Silent Boy #shorts,"Sep 29, 2026",72,0
2026-09-17,tllhG-4gRYg,Why Girls Like The Silent Boy #shorts,"Sep 29, 2026",72,0
2026-09-18,tllhG-4gRYg,Why Girls Like The Silent Boy #shorts,"Sep 29, 2026",72,0
2026-09-19,tllhG-4gRYg,Why Girls Like The Silent Boy #shorts,"Sep 29, 2026",72,0
2026-09-20,tllhG-4gRYg,Why Girls Like The Silent Boy #shorts,"Sep 29, 2026",72,0
2026-09-21,tllhG-4gRYg,Why Girls Like The Silent Boy #shorts,"Sep 29, 2026",72,0
2026-09-22,tllhG-4gRYg,Why Girls Like The Silent Boy #shorts,"Sep 29, 2026",72,0
2026-09-23,tllhG-4gRYg,Why Girls Like The Silent Boy #shorts,"Sep 29, 2026",72,0
2026-09-24,tllhG-4gRYg,Why Girls Like The Silent Boy #shorts,"Sep 29, 2026",72,0
2026-09-25,tllhG-4gRYg,Why Girls Like The Silent Boy #shorts,"Sep 29, 2026",72,0
2026-09-26,tllhG-4gRYg,Why Girls Like The Silent Boy #shorts,"Sep 29, 2026",72,0
2026-09-27,tllhG-4gRYg,Why Girls Like The Silent Boy #shorts,"Sep 29, 2026",72,0
2026-09-28,tllhG-4gRYg,Why Girls Like The Silent Boy #shorts,"Sep 29, 2026",72,0
2026-09-29,tllhG-4gRYg,Why Girls Like The Silent Boy #shorts,"Sep 29, 2026",72,135
2026-09-30,tllhG-4gRYg,Why Girls Like The Silent Boy #shorts,"Sep 29, 2026",72,144
2026-10-01,tllhG-4gRYg,Why Girls Like The Silent Boy #shorts,"Sep 29, 2026",72,111
2026-10-02,tllhG-4gRYg,Why Girls Like The Silent Boy #shorts,"Sep 29, 2026",72,1
2026-10-03,tllhG-4gRYg,Why Girls Like The Silent Boy #shorts,"Sep 29, 2026",72,2
