Content,Video title,Video publish time,Duration,Engaged views,Average view duration,Average percentage viewed (%),Stayed to watch (%),Unique viewers,Unique reach,Views (co-viewed),Average views per viewer,New viewers,Returning viewers,Casual viewers,Regular viewers,Views,Watch time (hours),Subscribers,Thumbnail impressions,Thumbnail click-through rate (%)
Total,,,,2268,0:00:32,56.44,45.42,1929,3841,5183,1.1757,1916,4,4,0,5078,21.453,24,1793,5.63
nSf_oX_l-0g,The Hallway Rule: Why Free Attention Destroys Attraction #shorts,"Sep 27, 2026",49,734,0:00:22,46.06,54.49,704,1193,1398,1.0426,692,11,11,0,1377,4.8239,9,353,5.67
tllhG-4gRYg,Why Girls Like The Silent Boy #shorts,"Sep 29, 2026",72,393,0:00:38,53.39,35.73,362,880,1097,1.0856,339,21,21,0,1062,4.3981,3,184,17.93
b2pAMXgd70o,The Spotlight Effect: Why Nobody Is Actually Watching You 👀 #shorts,"Sep 20, 2026",61,250,0:00:30,49.55,48.63,230,407,512,1.087,195,34,34,0,504,2.1751,4,114,5.26
4jsaNsml4XE,The Dark Psychology of Silence (Why Not Reacting Wins) #shorts #mindset,"Sep 21, 2026",61,238,0:00:53,88.15,47.79,221,419,555,1.0769,181,35,35,0,540,3.6432,2,282,5.67
KnUqposfQu0,The 5-Second Rule That Destroys Laziness Instantly ⚡ #shorts,"Sep 20, 2026",61,215,0:00:43,71.14,45.94,205,396,493,1.0488,154,50,50,0,480,2.6836,5,169,3.55
f6TyRXNkfeg,How To Destroy An Insult In 3 Seconds #Shorts #mindset #brainhacks,"Sep 26, 2026",52,177,0:00:32,63.1,36.49,165,421,513,1.0727,150,14,14,0,509,1.7203,0,145,3.45
89oQQIDLZ_E,The Brutal Difference Between Looking Rich vs Being Rich 💰 #shorts,"Sep 20, 2026",61,158,0:00:28,45.92,50.48,157,289,325,1.0064,121,35,35,0,319,1.2825,3,224,3.13
srgWmNm2KlY,Why The Quiet Student Runs The Room (Alpha vs Sigma Psychology) #shorts  #mindset #brainhacks,"Sep 26, 2026",49,102,0:00:22,46.85,38.2,98,234,285,1.0408,73,22,22,0,283,0.7126,0,323,2.48
